epoch,monet_disc_loss,monet_gen_loss,photo_disc_loss,photo_gen_loss
0,0.48056530952453613,3.1377081871032715,0.5298189520835876,4.107049942016602
